{
    "format_version": "1.12.0", 
    "minecraft:geometry": [
        {
            "bones": [
                {
                    "cubes": [
                        {
                            "name": "cube1", 
                            "origin": [
                                1.098201931020112, 
                                0, 
                                -1.6715120456352377
                            ], 
                            "pivot": [
                                0, 
                                0, 
                                0
                            ], 
                            "rotation": [
                                0, 
                                0, 
                                0
                            ], 
                            "size": [
                                1, 
                                14, 
                                3
                            ], 
                            "uv": [
                                0, 
                                0
                            ]
                        }, 
                        {
                            "name": "cube2", 
                            "origin": [
                                1.098201931020112, 
                                14.001, 
                                -1.6715120456352377
                            ], 
                            "pivot": [
                                0, 
                                0, 
                                0
                            ], 
                            "rotation": [
                                0, 
                                0, 
                                0
                            ], 
                            "size": [
                                1, 
                                14, 
                                3
                            ], 
                            "uv": [
                                0, 
                                0
                            ]
                        }, 
                        {
                            "name": "cube3", 
                            "origin": [
                                1.098201931020112, 
                                28.002, 
                                -1.6715120456352377
                            ], 
                            "pivot": [
                                0, 
                                0, 
                                0
                            ], 
                            "rotation": [
                                0, 
                                0, 
                                0
                            ], 
                            "size": [
                                1, 
                                14, 
                                3
                            ], 
                            "uv": [
                                0, 
                                0
                            ]
                        }, 
                        {
                            "name": "cube4", 
                            "origin": [
                                1.098201931020112, 
                                42.00299999999999, 
                                -1.6715120456352377
                            ], 
                            "pivot": [
                                0, 
                                0, 
                                0
                            ], 
                            "rotation": [
                                0, 
                                0, 
                                0
                            ], 
                            "size": [
                                1, 
                                14, 
                                3
                            ], 
                            "uv": [
                                0, 
                                0
                            ]
                        }, 
                        {
                            "name": "cube5", 
                            "origin": [
                                1.098201931020112, 
                                56.00399999999999, 
                                -1.6715120456352377
                            ], 
                            "pivot": [
                                0, 
                                0, 
                                0
                            ], 
                            "rotation": [
                                0, 
                                0, 
                                0
                            ], 
                            "size": [
                                1, 
                                14, 
                                3
                            ], 
                            "uv": [
                                0, 
                                0
                            ]
                        }, 
                        {
                            "name": "cube6", 
                            "origin": [
                                1.0447100656533372, 
                                0, 
                                1.705456208386073
                            ], 
                            "pivot": [
                                0, 
                                0, 
                                0
                            ], 
                            "rotation": [
                                0, 
                                0, 
                                0
                            ], 
                            "size": [
                                6, 
                                14, 
                                6
                            ], 
                            "uv": [
                                0, 
                                0
                            ]
                        }, 
                        {
                            "name": "cube7", 
                            "origin": [
                                1.0447100656533372, 
                                14.001, 
                                1.705456208386073
                            ], 
                            "pivot": [
                                0, 
                                0, 
                                0
                            ], 
                            "rotation": [
                                0, 
                                0, 
                                0
                            ], 
                            "size": [
                                6, 
                                14, 
                                6
                            ], 
                            "uv": [
                                0, 
                                0
                            ]
                        }, 
                        {
                            "name": "cube8", 
                            "origin": [
                                -1.983111372118856, 
                                0, 
                                -0.2593632313433586
                            ], 
                            "pivot": [
                                0, 
                                0, 
                                0
                            ], 
                            "rotation": [
                                0, 
                                0, 
                                0
                            ], 
                            "size": [
                                1, 
                                2, 
                                4
                            ],