{
    "format_version": "1.12.0", 
    "minecraft:geometry": [
        {
            "bones": [
                {
                    "cubes": [
                        {
                            "name": "cube1", 
                            "origin": [
                                -2.9645417584087492, 
                                0, 
                                -2.6854221572502825
                            ], 
                            "pivot": [
                                0, 
                                0, 
                                0
                            ], 
                            "rotation": [
                                0, 
                                0, 
                                0
                            ], 
                            "size": [
                                9, 
                                11, 
                                5
                            ], 
                            "uv": [
                                0, 
                                0
                            ]
                        }, 
                        {
                            "name": "cube2", 
                            "origin": [
                                -2.9645417584087492, 
                                11.001, 
                                -2.6854221572502825
                            ], 
                            "pivot": [
                                0, 
                                0, 
                                0
                            ], 
                            "rotation": [
                                0, 
                                0, 
                                0
                            ], 
                            "size": [
                                9, 
                                11, 
                                5
                            ], 
                            "uv": [
                                0, 
                                0
                            ]
                        }, 
                        {
                            "name": "cube3", 
                            "origin": [
                                -2.9645417584087492, 
                                22.002, 
                                -2.6854221572502825
                            ], 
                            "pivot": [
                                0, 
                                0, 
                                0
                            ], 
                            "rotation": [
                                0, 
                                0, 
                                0
                            ], 
                            "size": [
                                9, 
                                11, 
                                5
                            ], 
                            "uv": [
                                0, 
                                0
                            ]
                        }, 
                        {
                            "name": "cube4", 
                            "origin": [
                                -2.9645417584087492, 
                                33.00299999999999, 
                                -2.6854221572502825
                            ], 
                            "pivot": [
                                0, 
                                0, 
                                0
                            ], 
                            "rotation": [
                                0, 
                                0, 
                                0
                            ], 
                            "size": [
                                9, 
                                11, 
                                5
                            ], 
                            "uv": [
                                0, 
                                0
                            ]
                        }, 
                        {
                            "name": "cube5", 
                            "origin": [
                                -0.32218046794369665, 
                                0, 
                                3.987003855788903
                            ], 
                            "pivot": [
                                0, 
                                0, 
                                0
                            ], 
                            "rotation": [
                                0, 
                                0, 
                                0
                            ], 
                            "size": [
                                1, 
                                12, 
                                8
                            ], 
                            "uv": [
                                0, 
                                0
                            ]
                        }, 
                        {
                            "name": "cube6", 
                            "origin": [
                                -0.32218046794369665, 
                                12.001, 
                                3.987003855788903
                            ], 
                            "pivot": [
                                0, 
                                0, 
                                0
                            ], 
                            "rotation": [
                                0, 
                                0, 
                                0
                            ], 
                            "size": [
                                1, 
                                12, 
                                8
                            ], 
                            "uv": [
                                0, 
                                0
                            ]
                        }, 
                        {
                            "name": "cube7", 
                            "origin": [
                                -0.32218046794369665, 
                                24.002, 
                                3.987003855788903
                            ], 
                            "pivot": [
                                0, 
                                0, 
                                0
                            ], 
                            "rotation": [
                                0, 
                                0, 
                                0
                            ], 
                            "size": [
                                1, 
                                12, 
                                8
                            ], 
                            "uv": [
                                0, 
                                0
                            ]
                        }, 
                        {
                            "name": "cube8", 
                            "origin": [
                                2.4942160211830733, 
                                0, 
                                3.1271211104902346
                            ], 
                            "pivot": [
                                0, 
                                0, 
                                0
                            ], 
                            "rotation": [
                                0, 
                                0, 
                                0
                            ], 
                            "size": [
                                3, 
                                3, 
                                8
                            ],