{
    "format_version": "1.12.0", 
    "minecraft:geometry": [
        {
            "bones": [
                {
                    "cubes": [
                        {
                            "name": "cube1", 
                            "origin": [
                                3.848411687519805, 
                                0, 
                                -1.0907462965148984
                            ], 
                            "pivot": [
                                0, 
                                0, 
                                0
                            ], 
                            "rotation": [
                                0, 
                                0, 
                                0
                            ], 
                            "size": [
                                8, 
                                5, 
                                6
                            ], 
                            "uv": [
                                0, 
                                0
                            ]
                        }, 
                        {
                            "name": "cube2", 
                            "origin": [
                                3.848411687519805, 
                                5.001, 
                                -1.0907462965148984
                            ], 
                            "pivot": [
                                0, 
                                0, 
                                0
                            ], 
                            "rotation": [
                                0, 
                                0, 
                                0
                            ], 
                            "size": [
                                8, 
                                5, 
                                6
                            ], 
                            "uv": [
                                0, 
                                0
                            ]
                        }, 
                        {
                            "name": "cube3", 
                            "origin": [
                                3.848411687519805, 
                                10.002, 
                                -1.0907462965148984
                            ], 
                            "pivot": [
                                0, 
                                0, 
                                0
                            ], 
                            "rotation": [
                                0, 
                                0, 
                                0
                            ], 
                            "size": [
                                8, 
                                5, 
                                6
                            ], 
                            "uv": [
                                0, 
                                0
                            ]
                        }, 
                        {
                            "name": "cube4", 
                            "origin": [
                                3.848411687519805, 
                                15.003, 
                                -1.0907462965148984
                            ], 
                            "pivot": [
                                0, 
                                0, 
                                0
                            ], 
                            "rotation": [
                                0, 
                                0, 
                                0
                            ], 
                            "size": [
                                8, 
                                5, 
                                6
                            ], 
                            "uv": [
                                0, 
                                0
                            ]
                        }, 
                        {
                            "name": "cube5", 
                            "origin": [
                                3.848411687519805, 
                                20.004, 
                                -1.0907462965148984
                            ], 
                            "pivot": [
                                0, 
                                0, 
                                0
                            ], 
                            "rotation": [
                                0, 
                                0, 
                                0
                            ], 
                            "size": [
                                8, 
                                5, 
                                6
                            ], 
                            "uv": [
                                0, 
                                0
                            ]
                        }, 
                        {
                            "name": "cube6", 
                            "origin": [
                                0.5992925452602376, 
                                0, 
                                -3.954851254496875
                            ], 
                            "pivot": [
                                0, 
                                0, 
                                0
                            ], 
                            "rotation": [
                                0, 
                                0, 
                                0
                            ], 
                            "size": [
                                1, 
                                12, 
                                4
                            ], 
                            "uv": [
                                0, 
                                0
                            ]
                        }, 
                        {
                            "name": "cube7", 
                            "origin": [
                                0.5992925452602376, 
                                12.001, 
                                -3.954851254496875
                            ], 
                            "pivot": [
                                0, 
                                0, 
                                0
                            ], 
                            "rotation": [
                                0, 
                                0, 
                                0
                            ], 
                            "size": [
                                1, 
                                12, 
                                4
                            ], 
                            "uv": [
                                0, 
                                0
                            ]
                        }, 
                        {
                            "name": "cube8", 
                            "origin": [
                                0.5992925452602376, 
                                24.002, 
                                -3.954851254496875
                            ], 
                            "pivot": [
                                0, 
                                0, 
                                0
                            ], 
                            "rotation": [
                                0, 
                                0, 
                                0
                            ], 
                            "size": [
                                1, 
                                12, 
                                4
                            ],