{
    "format_version": "1.12.0", 
    "minecraft:geometry": [
        {
            "bones": [
                {
                    "cubes": [
                        {
                            "name": "cube1", 
                            "origin": [
                                -3.8676278418487393, 
                                0, 
                                1.0205169655407313
                            ], 
                            "pivot": [
                                0, 
                                0, 
                                0
                            ], 
                            "rotation": [
                                0, 
                                0, 
                                0
                            ], 
                            "size": [
                                10, 
                                14, 
                                9
                            ], 
                            "uv": [
                                0, 
                                0
                            ]
                        }, 
                        {
                            "name": "cube2", 
                            "origin": [
                                -3.8676278418487393, 
                                14.001, 
                                1.0205169655407313
                            ], 
                            "pivot": [
                                0, 
                                0, 
                                0
                            ], 
                            "rotation": [
                                0, 
                                0, 
                                0
                            ], 
                            "size": [
                                10, 
                                14, 
                                9
                            ], 
                            "uv": [
                                0, 
                                0
                            ]
                        }, 
                        {
                            "name": "cube3", 
                            "origin": [
                                -3.8676278418487393, 
                                28.002, 
                                1.0205169655407313
                            ], 
                            "pivot": [
                                0, 
                                0, 
                                0
                            ], 
                            "rotation": [
                                0, 
                                0, 
                                0
                            ], 
                            "size": [
                                10, 
                                14, 
                                9
                            ], 
                            "uv": [
                                0, 
                                0
                            ]
                        }, 
                        {
                            "name": "cube4", 
                            "origin": [
                                -3.8676278418487393, 
                                42.00299999999999, 
                                1.0205169655407313
                            ], 
                            "pivot": [
                                0, 
                                0, 
                                0
                            ], 
                            "rotation": [
                                0, 
                                0, 
                                0
                            ], 
                            "size": [
                                10, 
                                14, 
                                9
                            ], 
                            "uv": [
                                0, 
                                0
                            ]
                        }, 
                        {
                            "name": "cube5", 
                            "origin": [
                                0.8440247765297408, 
                                0, 
                                -3.909938896786486
                            ], 
                            "pivot": [
                                0, 
                                0, 
                                0
                            ], 
                            "rotation": [
                                0, 
                                0, 
                                0
                            ], 
                            "size": [
                                6, 
                                11, 
                                4
                            ], 
                            "uv": [
                                0, 
                                0
                            ]
                        }, 
                        {
                            "name": "cube6", 
                            "origin": [
                                0.8440247765297408, 
                                11.001, 
                                -3.909938896786486
                            ], 
                            "pivot": [
                                0, 
                                0, 
                                0
                            ], 
                            "rotation": [
                                0, 
                                0, 
                                0
                            ], 
                            "size": [
                                6, 
                                11, 
                                4
                            ], 
                            "uv": [
                                0, 
                                0
                            ]
                        }, 
                        {
                            "name": "cube7", 
                            "origin": [
                                0.8440247765297408, 
                                22.002, 
                                -3.909938896786486
                            ], 
                            "pivot": [
                                0, 
                                0, 
                                0
                            ], 
                            "rotation": [
                                0, 
                                0, 
                                0
                            ], 
                            "size": [
                                6, 
                                11, 
                                4
                            ], 
                            "uv": [
                                0, 
                                0
                            ]
                        }, 
                        {
                            "name": "cube8", 
                            "origin": [
                                0.8440247765297408, 
                                33.00299999999999, 
                                -3.909938896786486
                            ], 
                            "pivot": [
                                0, 
                                0, 
                                0
                            ], 
                            "rotation": [
                                0, 
                                0, 
                                0
                            ], 
                            "size": [
                                6, 
                                11, 
                                4
                            ],