{
    "format_version": "1.12.0", 
    "minecraft:geometry": [
        {
            "bones": [
                {
                    "cubes": [
                        {
                            "name": "cube1", 
                            "origin": [
                                1.7621619526869463, 
                                0, 
                                -3.590930972951517
                            ], 
                            "pivot": [
                                0, 
                                0, 
                                0
                            ], 
                            "rotation": [
                                0, 
                                0, 
                                0
                            ], 
                            "size": [
                                9, 
                                8, 
                                5
                            ], 
                            "uv": [
                                0, 
                                0
                            ]
                        }, 
                        {
                            "name": "cube2", 
                            "origin": [
                                1.7621619526869463, 
                                8.001, 
                                -3.590930972951517
                            ], 
                            "pivot": [
                                0, 
                                0, 
                                0
                            ], 
                            "rotation": [
                                0, 
                                0, 
                                0
                            ], 
                            "size": [
                                9, 
                                8, 
                                5
                            ], 
                            "uv": [
                                0, 
                                0
                            ]
                        }, 
                        {
                            "name": "cube3", 
                            "origin": [
                                1.7621619526869463, 
                                16.002, 
                                -3.590930972951517
                            ], 
                            "pivot": [
                                0, 
                                0, 
                                0
                            ], 
                            "rotation": [
                                0, 
                                0, 
                                0
                            ], 
                            "size": [
                                9, 
                                8, 
                                5
                            ], 
                            "uv": [
                                0, 
                                0
                            ]
                        }, 
                        {
                            "name": "cube4", 
                            "origin": [
                                1.7621619526869463, 
                                24.003, 
                                -3.590930972951517
                            ], 
                            "pivot": [
                                0, 
                                0, 
                                0
                            ], 
                            "rotation": [
                                0, 
                                0, 
                                0
                            ], 
                            "size": [
                                9, 
                                8, 
                                5
                            ], 
                            "uv": [
                                0, 
                                0
                            ]
                        }, 
                        {
                            "name": "cube5", 
                            "origin": [
                                -1.4289120637906325, 
                                0, 
                                3.736068831533166
                            ], 
                            "pivot": [
                                0, 
                                0, 
                                0
                            ], 
                            "rotation": [
                                0, 
                                0, 
                                0
                            ], 
                            "size": [
                                9, 
                                4, 
                                2
                            ], 
                            "uv": [
                                0, 
                                0
                            ]
                        }, 
                        {
                            "name": "cube6", 
                            "origin": [
                                -1.4289120637906325, 
                                4.001, 
                                3.736068831533166
                            ], 
                            "pivot": [
                                0, 
                                0, 
                                0
                            ], 
                            "rotation": [
                                0, 
                                0, 
                                0
                            ], 
                            "size": [
                                9, 
                                4, 
                                2
                            ], 
                            "uv": [
                                0, 
                                0
                            ]
                        }, 
                        {
                            "name": "cube7", 
                            "origin": [
                                -1.4289120637906325, 
                                8.002, 
                                3.736068831533166
                            ], 
                            "pivot": [
                                0, 
                                0, 
                                0
                            ], 
                            "rotation": [
                                0, 
                                0, 
                                0
                            ], 
                            "size": [
                                9, 
                                4, 
                                2
                            ], 
                            "uv": [
                                0, 
                                0
                            ]
                        }
                    ], 
                    "name": "root", 
                    "pivot": [
                        0, 
                        0, 
                        0
                    ], 
                    "rotation": [
                        0, 
                        0, 
                        0
                    ]
                }
            ], 
            "description": {
                "identifier": "geometry.twf_reium", 
                "texture_height": 16, 
                "texture_width": 16, 
                "visible_bounds_height": 3.5, 
                "visible_bounds_offset": [
                    0, 
                    1.25, 
                    0
                ], 
                "visible_bounds_width": 2
            }
        }
    ]
}